"name","yield","temp(â)","time(h)","138_organocatalyst","246_organocatalyst"
"0",81,1.120490325,-0.1716857086,1,1
"1",14,1.120490325,-0.8011999734,1,1
"2",74,1.120490325,-0.1716857086,1,1
"3",15,1.120490325,-0.8011999734,1,1
"4",90,1.120490325,-0.1716857086,1,1
"5",81,1.120490325,-0.8011999734,1,1
"6",43,1.120490325,-1.0110380617,1,1
"7",88,1.120490325,-0.8011999734,0,1
"8",95,1.120490325,-1.1159571058,0,1
"9",65,1.120490325,-1.3257951941,0,1
"10",33,1.120490325,-1.1159571058,0,0
"11",93,1.120490325,-1.1159571058,0,1
"12",84,1.120490325,-1.1159571058,0,1
"13",87,1.120490325,-1.1159571058,0,1
"14",85,1.120490325,-1.1159571058,0,1
"15",85,1.120490325,-1.1159571058,0,1
"16",86,1.120490325,-1.1159571058,0,1
"17",84,1.120490325,-1.1159571058,0,1
"18",68,1.120490325,-1.1159571058,0,1
"19",88,1.120490325,-1.1159571058,0,1
"20",85,1.120490325,-1.1159571058,0,1
"21",68,1.120490325,-1.1159571058,0,1
"22",87,1.120490325,-1.1159571058,0,1
"23",37,1.120490325,-1.1159571058,0,1
"24",9,1.120490325,-1.1159571058,0,1
"25",84,1.120490325,-1.1159571058,0,1
"26",86,1.120490325,-1.3257951941,0,1
"27",39,1.120490325,-1.3257951941,0,1
"28",88,1.120490325,-1.3257951941,0,1
"29",83,1.120490325,-1.3257951941,0,1
"30",83,1.120490325,-1.3257951941,0,1
"31",86,1.120490325,-1.3257951941,0,1
"32",87,1.120490325,-1.3257951941,0,1
"33",7,1.120490325,-0.1716857086,1,0
"34",32,1.120490325,-0.1716857086,1,0
"35",80,1.120490325,-0.1716857086,1,1
"36",6,1.120490325,-0.1716857086,1,1
"37",11,1.120490325,-0.1716857086,1,0
"38",32,1.120490325,-0.1716857086,1,0
"39",3,1.120490325,-0.1716857086,0,0
"40",0,1.120490325,-0.1716857086,1,0
"41",50,1.120490325,-1.1159571058,0,1
"42",40,1.120490325,-1.1159571058,0,1
"43",0,1.120490325,-1.1159571058,0,1
"44",4,1.120490325,-1.3257951941,1,1
"45",6,1.120490325,-1.3257951941,1,1
"46",3,1.120490325,-1.3257951941,1,1
"47",3,1.120490325,-1.3257951941,1,0
"48",87,-0.9356018128,-0.3815237969,0,1
"49",76,-0.9356018128,-0.3815237969,0,1
"50",93,-0.9356018128,-0.3815237969,0,1
"51",90,-0.9356018128,-0.3815237969,0,1
"52",91,-0.9356018128,-0.3815237969,0,1
"53",78,-0.9356018128,1.087342821,0,1
"54",72,-0.9356018128,1.087342821,0,1
"55",70,-0.9356018128,-0.3815237969,0,1
"56",86,-0.9356018128,-0.3815237969,0,1
"57",73,-0.9356018128,-0.3815237969,0,1
"58",81,-0.9356018128,-0.3815237969,0,1
"59",91,-0.9356018128,-0.3815237969,0,1
"60",80,-0.9356018128,-0.3815237969,0,1
"61",69,-0.9356018128,1.087342821,0,1
"62",90,-0.9356018128,-0.1716857086,1,0
"63",5,-0.9356018128,-0.1716857086,1,0
"64",75,-0.9356018128,-0.1716857086,1,0
"65",39,-0.9356018128,1.087342821,1,0
"66",64,-0.9356018128,1.087342821,1,0
"67",69,-0.9356018128,1.087342821,1,0
"68",47,-0.9356018128,1.087342821,1,0
"69",63,-0.9356018128,1.087342821,1,0
"70",9,-0.9356018128,1.087342821,1,0
"71",29,-0.9356018128,1.087342821,1,0
"72",91,-0.9356018128,-0.1716857086,1,0
"73",33,-0.9356018128,1.087342821,1,0
"74",0,0.8136109015,1.087342821,1,0
"75",0,0.8136109015,1.087342821,1,0
"76",0,0.8136109015,1.087342821,1,0
"77",32,-0.9356018128,1.087342821,1,0
"78",46,-0.9356018128,1.087342821,1,0
"79",36,-0.9356018128,1.087342821,1,0
"80",44,-0.9356018128,1.087342821,1,0
"81",11,-0.9356018128,1.087342821,1,0
"82",40,-0.9356018128,1.087342821,1,0
"83",21,-0.9356018128,1.087342821,1,0
"84",8,-0.9356018128,1.087342821,1,0
"85",17,-0.9356018128,1.087342821,1,0
"86",37,-0.9356018128,1.087342821,1,0
"87",21,-0.9356018128,1.087342821,1,0
"88",21,0.1998520543,1.087342821,1,0
"89",7,0.8136109015,1.087342821,1,0
"90",0,0.8136109015,1.087342821,1,0
"91",2,0.8136109015,1.087342821,1,0
"92",14,0.8136109015,1.087342821,0,0
"93",86,-0.9356018128,-0.1716857086,1,0
"94",67,-0.9356018128,-0.1716857086,1,0
"95",69,-0.9356018128,-0.1716857086,1,0
"96",88,-0.9356018128,-0.1716857086,1,0
"97",80,-0.9356018128,-0.1716857086,1,0
"98",84,-0.9356018128,-0.1716857086,1,0
"99",79,-0.9356018128,-0.1716857086,1,0
"100",82,-0.9356018128,-0.1716857086,1,0
"101",90,-0.9356018128,-0.1716857086,1,0
"102",65,-0.9356018128,-0.1716857086,1,0
"103",80,-0.9356018128,-0.1716857086,1,0
"104",76,-0.9356018128,-0.1716857086,1,0
"105",89,-0.9356018128,-0.1716857086,1,0
"106",94,-0.9356018128,0.4578285562,1,0
"107",99,-0.9356018128,1.087342821,0,1
"108",80,-0.9356018128,1.087342821,0,1
"109",97,-0.9356018128,1.087342821,0,1
"110",98,-0.9356018128,2.3463713507,0,1
"111",99,-0.9356018128,1.087342821,0,1
"112",75,-0.9356018128,1.087342821,0,1
"113",95,-0.9356018128,1.087342821,0,1
"114",95,-0.9356018128,1.087342821,0,1
"115",81,-0.9356018128,2.3463713507,0,1
"116",95,-0.9356018128,2.3463713507,0,1
"117",89,-0.9356018128,1.087342821,0,1
"118",99,-0.9356018128,2.3463713507,0,1
"119",83,0.1998520543,1.087342821,0,1
"120",99,-0.9356018128,-0.8011999734,0,1
